{
  "Version": "2012-10-17",
  "Statement": [
    {
      "Effect": "Allow",
      "Principal": {
        "AWS": 
        [
          "arn:aws:iam::${aws_caller_identity_id}:role/${iam_role}",
          "arn:aws:iam::${aws_account_arn}"
        ]
      },
      "Action": [
        "s3:ListBucket"
      ],
      "Resource": "${bucket_name}"
    },
    {
      "Effect": "Allow",
      "Principal":{
        "AWS":
        [
          "arn:aws:iam::${aws_caller_identity_id}:role/${iam_role}",
          "arn:aws:iam::${aws_caller_identity_id}:user/${bucket_user}"
        ],
        "Service": [
          "ec2.amazonaws.com",
          "iam.amazonaws.com"
        ]
      },
      "Action": [
        "s3:PutObject*",
        "s3:GetObject*",
        "s3:ListMultipartUploadParts"
      ],
      "Resource": "${folders_resources_rnc_nextgen}"
    },
    {
      "Effect": "Allow",
      "Principal":{
        "AWS":
        [
          "arn:aws:iam::${aws_caller_identity_id}:role/${iam_role}"
        ],
        "Service": [
          "ec2.amazonaws.com",
          "iam.amazonaws.com"
        ]
      },
      "Action": [
        "s3:PutObject*",
        "s3:GetObject*",
        "s3:ListMultipartUploadParts"
      ],
      "Resource": "${folders_resources_risk_averter}"
    },
    {
      "Effect": "Allow",
      "Principal":{
        "AWS":
        [
          "arn:aws:iam::${aws_account_arn}"
        ],
        "Service": [
          "ec2.amazonaws.com",
          "iam.amazonaws.com"
        ]
      },
      "Action": [
        "s3:GetObject*",
        "s3:PutObject*",
        "s3:ListMultipartUploadParts"
      ],
      "Resource": "${folders_resources_risk_averter}"
    },
    {
      "Effect": "Allow",
      "Principal":{
        "AWS":
        [
          "arn:aws:iam::${aws_caller_identity_id}:role/${iam_role}"
        ],
        "Service": [
          "ec2.amazonaws.com",
          "iam.amazonaws.com"
        ]
      },
      "Action": [
        "s3:PutObject*",
        "s3:GetObject*",
        "s3:ListMultipartUploadParts"
      ],
      "Resource": "${folders_resources_fmobile}"
    }
  ]
}
