 [
    {
      "essential": true,
      "image": "775258986048.dkr.ecr.us-east-1.amazonaws.com/djin/platform/cande/cande_profile_retrieval_api:latest",
      "name": "cande_profile_retrieval_api",
	  "portMappings": [
        {
          "protocol": "tcp",
          "containerPort": 4567
        }
      ],
      "environment": [{
      "name": "DEPLOYMENT_REGION",
      "value": "us-east-1"
    },
    {
      "name": "JSON_PROFILES_TABLE_NAME",
      "value": "djin_stag_cande_profiles_table"
    },
    {
      "name": "ENV",
      "value": "stag"
    },
    {
      "name": "LARGE_PROFILE_S3_BUCKET_NAME",
      "value": "djin-stag-cande-big-profiles-messages-metadata"
    },
    {
      "name": "NEW_RELIC_APP_NAME",
      "value": "CandE-Profile-Retrieval-API"
    },
    {
      "name": "NEW_RELIC_LICENSE_KEY",
      "value": "98a94e99c66f9154b0553b76c690fa703b8ff3b2"
    },
    {
      "name": "XML_PROFILES_TABLE_NAME",
      "value": "djin_stag_cande_profiles_table_xml"
    }],
      "logConfiguration": {
        "logDriver": "awslogs",
        "options": {
          "awslogs-group": "djin_stag_green_cande_CE_profile_retrieval_api",
          "awslogs-region": "us-east-1",
          "awslogs-stream-prefix": "rest_api"
        }
      }
    }
 ] 
