[
  {
    "portMappings": [
      {
        "hostPort": ${host_port},
        "containerPort": ${container_port},
        "protocol": "tcp"
      }
    ],
    "essential": ${ecs_essential},
    "name": "${name}-${short_environment}",
    "image": "${image}",
    "command": ["${command}"],
    "memoryReservation": 128,
    "ulimits": [
      {
        "name": "nofile",
        "softLimit": 65536,
        "hardLimit": 1048576
      }
    ],
    "mountPoints": [],
    "logConfiguration": {
      "logDriver": "awslogs",
      "options": {
        "awslogs-group": "${cwl_group}",
        "awslogs-region": "${region}",
        "awslogs-stream-prefix": "papi"
      }
    },
    "environment": [
      {
        "name": "environment",
        "value": "${environment}"
      },
	  {
        "name": "env",
        "value": "${short_environment}"
      },
      {
        "name": "RTSQPATH",
        "value": "/opt/rts/conf"
      },
      {
        "name": "PLATFORMCORECONFIGPATH",
        "value": "/opt/platformcore/config"
      },
      {
        "name": "PLATFORMCORELOGPATH",
        "value": "/opt/platformcore/logs"
      },
      {
        "name": "PLATFORMCORENODESEQUENCEPATH",
        "value": "/opt/platformcore/data"
      },
      {
        "name": "XIPC_HEALTH_CHECK_ENABLED",
        "value": "${enable_xipc_health_check}"
      }
    ]
  }
]
