[
  {
    "portMappings": [
      {
        "hostPort": ${host_port},
        "containerPort": ${container_port},
        "protocol": "tcp"
      },
	  {
        "hostPort": 5556,
        "containerPort": 5556
      },
      {
        "hostPort": 4888,
        "containerPort": 4888
      },
      {
        "hostPort": 4888,
        "containerPort": 4888,
        "protocol": "udp"
      },
      {
        "hostPort": 4891,
        "containerPort": 4891
      }
    ],
    "command": ["/tmp/startup.sh"],
    "essential": ${ecs_essential},
    "name": "${name}-${short_environment}",
    "image": "${image}",
    "mountPoints": [],
    "logConfiguration": {
      "logDriver": "awslogs",
      "options": {
        "awslogs-group": "${cwl_group}",
        "awslogs-region": "${region}",
        "awslogs-stream-prefix": "papi"
      }
    },
    "memoryReservation": 512,
    "ulimits": [
      {
        "name": "nofile",
        "softLimit": 65536,
        "hardLimit": 1048576
      }
    ],
    "environment": [
      {
        "name": "env",
        "value": "${short_environment}"
      }
    ]
  }
]
