{
  "Version": "2012-10-17",
  "Statement": [
    {
      "Effect": "Allow",
      "Resource": [
        "arn:aws:s3:::${name}"
      ],
      "Action": [
        "s3:ListBucket*",
        "s3:GetBucketLocation"
      ],
      "Condition": {
        "StringLike": {
          "s3:prefix": [ "${s3_prefix}" ]
        }
      },
      "Sid": "AllowListingOfProjectFolder"
    },
    {
      "Effect": "Allow",
      "Resource": ["${folders_resources}"],
      "Action": [
        "s3:GetObject",
        "s3:ListMultipartUploadParts",
        "s3:GetObjectAcl",
        "s3:GetObjectVersion"
      ],
      "Sid": "AllowListedActionsInProjectFolder"
    }
  ]
}
